{
  "_meta": {
    "sources": [
      "loopback/common/models",
      "loopback/server/models",
      "../common/models",
      "./models"
    ]
  },
  "AccessToken": {
    "dataSource": "rds",
    "public": true
  },
  "ACL": {
    "dataSource": "rds",
    "public": true
  },
  "RoleMapping": {
    "dataSource": "rds",
    "public": true
  },
  "Role": {
    "dataSource": "rds",
    "public": true
  },
  "Developer": {
    "dataSource": "rds",
    "public": true
  },
  "Project": {
    "dataSource": "rds",
    "public": true
  },
  "CheckPoint": {
    "dataSource": "rds",
    "public": true
  },
  "Session": {
    "dataSource": "rds",
    "public": true
  },
  "SessionCheckPoint": {
    "dataSource": "rds",
    "public": true
  }
}
