{
  "name": "Developer",
  "base": "User",
  "idInjection": true,
  "properties": {},
  "validations": [],
  "relations": {
    "projects": {
      "type": "hasMany",
      "model": "Project",
      "foreignKey": ""
    }
  },
  "acls": [
    {
      "accessType": "EXECUTE",
      "principalType": "ROLE",
      "principalId": "$owner",
      "permission": "ALLOW",
      "property": "__get__projects"
    },
    {
      "accessType": "EXECUTE",
      "principalType": "ROLE",
      "principalId": "$authenticated",
      "permission": "ALLOW",
      "property": "__create__projects"
    }
  ],
  "methods": []
}
